model,dataset,accuracy,precision,recall,f1,auroc,auprc,threshold
LogisticRegressionCV,train,0.9699842022116903,0.0,0.0,0.0,0.7801731527515858,0.13828995794689783,0.030160493684969602
LogisticRegressionCV,test,0.9822222222222222,0.0,0.0,0.0,0.8450226244343891,0.418217501866368,0.030144773251320593
LogisticRegressionCV,valid,0.9801980198019802,0.0,0.0,0.0,0.5151515151515151,0.5076793604039554,0.030191293291586943
XGBClassifier,train,0.981042654028436,0.8888888888888888,0.42105263157894735,0.5714285714285714,0.9594976855820333,0.672003015808456,0.11978647112846375
XGBClassifier,test,0.9866666666666667,1.0,0.25,0.4,0.6990950226244345,0.2766104784391622,0.8554246425628662
XGBClassifier,valid,0.9603960396039604,0.0,0.0,0.0,0.7323232323232323,0.036691966570015354,0.045107271522283554
