model,dataset,accuracy,precision,recall,f1,auroc,auprc,threshold
LogisticRegressionCV,train,0.9820245979186376,0.0,0.0,0.0,0.6243696329598706,0.031933267366616315,0.018275141648104287
LogisticRegressionCV,test,0.9813039309683605,0.0,0.0,0.0,0.5654105445116681,0.024685176819680986,0.018275170459186696
LogisticRegressionCV,valid,0.9810160911227626,0.0,0.0,0.0,0.5894309585242132,0.0321582124364088,0.018275003586106144
XGBClassifier,train,0.9821822768842636,1.0,0.008771929824561403,0.017391304347826087,0.7429334688904162,0.10297132183632447,0.05495842546224594
XGBClassifier,test,0.9812080536912752,0.0,0.0,0.0,0.6110673530995954,0.0274946640152477,0.15565809607505798
XGBClassifier,valid,0.9808352919905985,0.0,0.0,0.0,0.6138082951573552,0.032028755443838285,0.09235098958015442
