{"alpha": 3.725643079705107, "beta": 755.3580472139201}