{"alpha": 2.3835971458881486, "beta": 119.0668687720244}