{"dnf": {"alpha0": 3.0646584392953935, "beta0": 505.6543644061715}, "scratched": {"alpha0": 3.574106237384914, "beta0": 31.872539014351606}, "vet_scratched": {"alpha0": 4.2198135725598185, "beta0": 112.01453950936606}, "badly_beaten": {"alpha0": 1.429015518492676, "beta0": 62.535854355479785}, "breakdown": {"alpha0": 1.4699112528629161, "beta0": 1006.3612803473784}}