{"dnf": {"alpha0": 2.5372317887831657, "beta0": 363.8847077678122}, "scratched": {"alpha0": 4.672072897893383, "beta0": 37.697060185427524}, "vet_scratched": {"alpha0": 4.332004452964424, "beta0": 110.82658374431881}, "badly_beaten": {"alpha0": 3.1498742969349522, "beta0": 113.8402500143906}, "breakdown": {"alpha0": 2.0159576657858036, "beta0": 1217.9264981965032}}