{"dnf": {"alpha0": 0.6100776405389201, "beta0": 73.17830246322387}, "scratched": {"alpha0": 4.0169910920440985, "beta0": 36.50402347266568}, "vet_scratched": {"alpha0": 2.7244204702477943, "beta0": 64.05288910161805}, "badly_beaten": {"alpha0": 0.7874216410879886, "beta0": 32.057897048739626}, "breakdown": {"alpha0": 0.3164969372677094, "beta0": 194.12603690759312}}