,value,statistic,p_value,statistic_location,statistic_sign,neg_vals_mean,pos_vals_mean,neg_vals_median,pos_vals_median,ratio
0,dnf,0.202891171374893,8.974561280798979e-215,38.0,1,33.55808807403354,57.32972883047746,22.0,30.0,1.3636363636363635
1,scratched,0.011136033818075042,3.6084918977243845e-18,98.0,1,33.55808807403354,28.975342271714435,22.0,15.0,0.6818181818181818
2,vet_scratched,0.08888103041511541,0.0,50.0,1,33.55808807403354,45.43469123827999,22.0,23.0,1.0454545454545454
3,badly_beaten,0.1214353969430898,0.0,30.0,1,33.55808807403354,46.824059517125214,22.0,27.0,1.2272727272727273
4,breakdown,0.4588330914674704,4.385925568176134e-94,31.0,1,33.55808807403354,84.8078431372549,22.0,53.5,2.4318181818181817
